-- phpMyAdmin SQL Dump
-- version 5.0.2
-- https://www.phpmyadmin.net/
--
-- Hôte : 127.0.0.1:3306
-- Généré le : ven. 21 mai 2021 à 14:54
-- Version du serveur :  5.7.31
-- Version de PHP : 7.3.21

SET SQL_MODE = "NO_AUTO_VALUE_ON_ZERO";
START TRANSACTION;
SET time_zone = "+00:00";


/*!40101 SET @OLD_CHARACTER_SET_CLIENT=@@CHARACTER_SET_CLIENT */;
/*!40101 SET @OLD_CHARACTER_SET_RESULTS=@@CHARACTER_SET_RESULTS */;
/*!40101 SET @OLD_COLLATION_CONNECTION=@@COLLATION_CONNECTION */;
/*!40101 SET NAMES utf8mb4 */;

--
-- Base de données : `site`
--

-- --------------------------------------------------------

--
-- Structure de la table `commande`
--

DROP TABLE IF EXISTS `commande`;
CREATE TABLE IF NOT EXISTS `commande` (
  `id_commande` int(3) NOT NULL AUTO_INCREMENT,
  `id_membre` int(3) DEFAULT NULL,
  `montant` int(3) NOT NULL,
  `date_enregistrement` datetime NOT NULL,
  `etat` enum('en cours de traitement','envoyé','livré') NOT NULL,
  PRIMARY KEY (`id_commande`)
) ENGINE=InnoDB AUTO_INCREMENT=3 DEFAULT CHARSET=utf8;

--
-- Déchargement des données de la table `commande`
--

INSERT INTO `commande` (`id_commande`, `id_membre`, `montant`, `date_enregistrement`, `etat`) VALUES
(1, 4, 301, '2015-07-10 14:44:46', 'en cours de traitement'),
(2, 6, 60, '2021-05-20 14:52:41', 'en cours de traitement');

-- --------------------------------------------------------

--
-- Structure de la table `details_commande`
--

DROP TABLE IF EXISTS `details_commande`;
CREATE TABLE IF NOT EXISTS `details_commande` (
  `id_details_commande` int(3) NOT NULL AUTO_INCREMENT,
  `id_commande` int(3) DEFAULT NULL,
  `id_produit` int(3) DEFAULT NULL,
  `quantite` int(3) NOT NULL,
  `prix` int(3) NOT NULL,
  PRIMARY KEY (`id_details_commande`)
) ENGINE=InnoDB AUTO_INCREMENT=5 DEFAULT CHARSET=utf8;

--
-- Déchargement des données de la table `details_commande`
--

INSERT INTO `details_commande` (`id_details_commande`, `id_commande`, `id_produit`, `quantite`, `prix`) VALUES
(1, 1, 2, 1, 15),
(2, 1, 6, 1, 49),
(3, 1, 8, 3, 79),
(4, 2, 1, 3, 20);

-- --------------------------------------------------------

--
-- Structure de la table `membre`
--

DROP TABLE IF EXISTS `membre`;
CREATE TABLE IF NOT EXISTS `membre` (
  `id_membre` int(3) NOT NULL AUTO_INCREMENT,
  `pseudo` varchar(20) NOT NULL,
  `mdp` varchar(32) NOT NULL,
  `nom` varchar(20) NOT NULL,
  `prenom` varchar(20) NOT NULL,
  `email` varchar(50) NOT NULL,
  `civilite` enum('m','f') NOT NULL,
  `ville` varchar(20) NOT NULL,
  `code_postal` int(5) UNSIGNED ZEROFILL NOT NULL,
  `adresse` varchar(50) NOT NULL,
  `statut` int(1) NOT NULL DEFAULT '0',
  PRIMARY KEY (`id_membre`),
  UNIQUE KEY `pseudo` (`pseudo`)
) ENGINE=InnoDB AUTO_INCREMENT=11 DEFAULT CHARSET=utf8;

--
-- Déchargement des données de la table `membre`
--

INSERT INTO `membre` (`id_membre`, `pseudo`, `mdp`, `nom`, `prenom`, `email`, `civilite`, `ville`, `code_postal`, `adresse`, `statut`) VALUES
(3, 'fab', 'avatar13', 'grand', 'fabrice', 'fabrice.grand@gmail.com', 'm', 'Marseille', 13009, '70 rue de la république', 0),
(4, 'membre', 'membre', 'membre', 'membre', 'membre@exemple.com', 'f', 'Toulouse', 31000, '55 rue bayard', 0),
(5, 'admin', 'admin', 'admin', 'admin', 'admin@exemple.com', 'm', 'Paris', 75015, '33 rue mademoiselle', 1),
(7, 'hi', 'kaouttar', 'nour', 'kaouutar', 'Test@live.Fr', 'f', 'meknes', 22222, 'meknes', 0),
(9, 'testy', 'zzzzz', 'mars', 'soleil', 'Test@live.Fr', 'm', 'rabat', 10000, 'raabat', 0),
(10, 'test', 'aaaaaa', 'jebli', 'kaouttar', 'Test@live.Fr', 'm', 'nador', 12333, 'jijsijiosjd', 0);

-- --------------------------------------------------------

--
-- Structure de la table `produit`
--

DROP TABLE IF EXISTS `produit`;
CREATE TABLE IF NOT EXISTS `produit` (
  `id_produit` int(3) NOT NULL AUTO_INCREMENT,
  `reference` varchar(20) NOT NULL,
  `categorie` varchar(20) NOT NULL,
  `titre` varchar(100) NOT NULL,
  `description` text NOT NULL,
  `couleur` varchar(20) NOT NULL,
  `taille` varchar(5) NOT NULL,
  `public` enum('m','f','mixte') NOT NULL,
  `photo` varchar(250) NOT NULL,
  `prix` int(3) NOT NULL,
  `stock` int(3) NOT NULL,
  PRIMARY KEY (`id_produit`),
  UNIQUE KEY `reference` (`reference`)
) ENGINE=InnoDB AUTO_INCREMENT=11 DEFAULT CHARSET=utf8;

--
-- Déchargement des données de la table `produit`
--

INSERT INTO `produit` (`id_produit`, `reference`, `categorie`, `titre`, `description`, `couleur`, `taille`, `public`, `photo`, `prix`, `stock`) VALUES
(1, '11-d-23', 'tshirt', 'Tshirt Col V', 'Tee-shirt en coton flammé liseré contrastant', 'bleu', 'M', 'm', '/sitephp/photo/55-b-38_jaune.png', 20, 50),
(2, '66-f-15', 'tshirt', 'Tshirt Col V rouge', 'c\'est vraiment un super tshirt en soir&eacute;e !', 'rouge', 'L', 'm', '/sitephp/photo/66-f-15_rouge.png', 15, 230),
(3, '88-g-77', 'tshirt', 'Tshirt Col rond vert', 'Il vous faut ce tshirt Made In France !!!', 'vert', 'L', 'm', '/sitephp/photo/88-g-77_vert.png', 29, 63),
(4, '55-b-38', 'tshirt', 'Tshirt jaune', 'le jaune reviens &agrave; la mode, non? :-)', 'jaune', 'S', 'm', '/sitephp/photo/55-b-38_jaune.png', 20, 3),
(5, '31-p-33', 'tshirt', 'Tshirt noir original', 'voici un tshirt noir tr&egrave;s original :p', 'noir', 'XL', 'm', '/sitephp/photo/31-p-33_noir.jpg', 25, 80),
(6, '56-a-65', 'chemise', 'Chemise Blanche', 'Les chemises c\'est bien mieux que les tshirts', 'blanc', 'L', 'm', '/sitephp/photo/56-a-65_chemiseblanchem.jpg', 49, 73),
(7, '63-s-63', 'chemise', 'Chemise Noir', 'Comme vous pouvez le voir c\'est une chemise noir...', 'noir', 'M', 'm', '/sitephp/photo/63-s-63_chemisenoirm.jpg', 59, 120),
(8, '77-p-79', 'pull', 'Pull gris', 'Pull gris pour l\'hiver', 'gris', 'XL', 'f', '/sitephp/photo/77-p-79_pullgrism2.jpg', 79, 99);
COMMIT;

/*!40101 SET CHARACTER_SET_CLIENT=@OLD_CHARACTER_SET_CLIENT */;
/*!40101 SET CHARACTER_SET_RESULTS=@OLD_CHARACTER_SET_RESULTS */;
/*!40101 SET COLLATION_CONNECTION=@OLD_COLLATION_CONNECTION */;
